{"cameraMode":{"drawMode":0,"name":"Shaded","section":"Shading Mode"},"sceneLighting":true,"audioPlay":false,"sceneViewState":{"showFog":true,"showMaterialUpdate":false,"showSkybox":false,"showFlares":true,"showImageEffects":true,"showParticleSystems":true,"showVisualEffectGraphs":true,"m_FxEnabled":true},"in2DMode":false,"pivot":{"x":2.9067111015319826,"y":0.18741416931152345,"z":-15.882495880126954},"rotation":{"x":0.01259397342801094,"y":0.9864548444747925,"z":-0.13549387454986573,"w":0.0917014479637146},"size":17.200576782226564,"orthographic":false}