{"cameraMode":{"drawMode":0,"name":"Shaded","section":"Shading Mode"},"sceneLighting":false,"audioPlay":false,"sceneViewState":{"showFog":true,"showMaterialUpdate":false,"showSkybox":false,"showFlares":true,"showImageEffects":true,"showParticleSystems":true,"showVisualEffectGraphs":true,"m_FxEnabled":true},"in2DMode":false,"pivot":{"x":4.632104396820068,"y":0.05001222714781761,"z":0.22399821877479554},"rotation":{"x":-0.5358216762542725,"y":0.0068321265280246738,"z":-0.0043364521116018299,"w":-0.8442946672439575},"size":6.875779151916504,"orthographic":false}