{"cameraMode":{"drawMode":0,"name":"Shaded","section":"Shading Mode"},"sceneLighting":true,"audioPlay":false,"sceneViewState":{"showFog":true,"showMaterialUpdate":false,"showSkybox":true,"showFlares":true,"showImageEffects":true,"showParticleSystems":true,"showVisualEffectGraphs":true,"m_FxEnabled":true},"in2DMode":false,"pivot":{"x":114.93952178955078,"y":-63.13356399536133,"z":206.5211944580078},"rotation":{"x":0.19963128864765168,"y":0.013227724470198155,"z":-0.002695301314815879,"w":0.9797789454460144},"size":130.5875701904297,"orthographic":false}