{"cameraMode":{"drawMode":0,"name":"Shaded","section":"Shading Mode"},"sceneLighting":true,"audioPlay":false,"sceneViewState":{"showFog":true,"showMaterialUpdate":false,"showSkybox":true,"showFlares":true,"showImageEffects":true,"showParticleSystems":true,"showVisualEffectGraphs":true,"m_FxEnabled":true},"in2DMode":false,"pivot":{"x":16.218801498413087,"y":0.6334743499755859,"z":30.75864028930664},"rotation":{"x":0.24340572953224183,"y":0.030546555295586587,"z":-0.007669851183891296,"w":0.9694139361381531},"size":27.908737182617189,"orthographic":false}