{"cameraMode":{"drawMode":0,"name":"Shaded","section":"Shading Mode"},"sceneLighting":true,"audioPlay":false,"sceneViewState":{"showFog":true,"showMaterialUpdate":false,"showSkybox":true,"showFlares":true,"showImageEffects":true,"showParticleSystems":true,"showVisualEffectGraphs":true,"m_FxEnabled":true},"in2DMode":false,"pivot":{"x":32.31144332885742,"y":-8.680185317993164,"z":24.742107391357423},"rotation":{"x":0.24340572953224183,"y":0.030546555295586587,"z":-0.007669851183891296,"w":0.9694139361381531},"size":36.842498779296878,"orthographic":false}