{"cameraMode":{"drawMode":0,"name":"Shaded","section":"Shading Mode"},"sceneLighting":true,"audioPlay":false,"sceneViewState":{"showFog":true,"showMaterialUpdate":false,"showSkybox":true,"showFlares":true,"showImageEffects":true,"showParticleSystems":true,"showVisualEffectGraphs":true,"m_FxEnabled":true},"in2DMode":false,"pivot":{"x":8.430004119873047,"y":-84.50357818603516,"z":200.3072967529297},"rotation":{"x":0.19963128864765168,"y":0.013227724470198155,"z":-0.002695301314815879,"w":0.9797789454460144},"size":114.76551055908203,"orthographic":false}