{"cameraMode":{"drawMode":0,"name":"Shaded","section":"Shading Mode"},"sceneLighting":false,"audioPlay":false,"sceneViewState":{"showFog":true,"showMaterialUpdate":false,"showSkybox":true,"showFlares":true,"showImageEffects":true,"showParticleSystems":true,"showVisualEffectGraphs":true,"m_FxEnabled":true},"in2DMode":false,"pivot":{"x":108.76258087158203,"y":198.35931396484376,"z":244.74595642089845},"rotation":{"x":0.034596264362335208,"y":0.9375185966491699,"z":-0.3321625292301178,"w":0.09766318649053574},"size":-138.33511352539063,"orthographic":false}