{"cameraMode":{"drawMode":0,"name":"Shaded","section":"Shading Mode"},"sceneLighting":true,"audioPlay":false,"sceneViewState":{"showFog":true,"showMaterialUpdate":false,"showSkybox":true,"showFlares":true,"showImageEffects":true,"showParticleSystems":true,"showVisualEffectGraphs":true,"m_FxEnabled":true},"in2DMode":false,"pivot":{"x":78.74158477783203,"y":43.114463806152347,"z":16.210250854492189},"rotation":{"x":0.19963128864765168,"y":0.013227724470198155,"z":-0.002695301314815879,"w":0.9797789454460144},"size":22.29905128479004,"orthographic":false}