{"cameraMode":{"drawMode":0,"name":"Shaded","section":"Shading Mode"},"sceneLighting":true,"audioPlay":false,"sceneViewState":{"showFog":true,"showMaterialUpdate":false,"showSkybox":true,"showFlares":true,"showImageEffects":true,"showParticleSystems":true,"showVisualEffectGraphs":true,"m_FxEnabled":true},"in2DMode":false,"pivot":{"x":39.894683837890628,"y":5.755714416503906,"z":24.524856567382814},"rotation":{"x":0.15933386981487275,"y":-0.15333408117294312,"z":0.025059551000595094,"w":0.974923312664032},"size":37.37991714477539,"orthographic":false}